,grid,order,seasonal_order
0,"[10, 5]","(1, 1, 1)","(1, 1, 1, 27)"
1,"[2, 12]","(1, 1, 1)","(0, 1, 1, 27)"
2,"[2, 7]","(2, 1, 1)","(0, 1, 1, 27)"
3,"[3, 1]","(1, 1, 1)","(0, 1, 1, 27)"
4,"[9, 5]","(1, 1, 1)","(0, 1, 1, 27)"
5,"[2, 8]","(2, 1, 1)","(0, 1, 1, 27)"
6,"[5, 9]","(1, 1, 1)","(1, 1, 1, 27)"
7,"[6, 5]","(1, 1, 1)","(1, 1, 1, 27)"
8,"[3, 3]","(1, 1, 1)","(0, 1, 1, 27)"
9,"[4, 1]","(1, 1, 1)","(1, 1, 1, 27)"
10,"[4, 2]","(1, 1, 1)","(0, 1, 1, 27)"
11,"[2, 13]","(1, 1, 1)","(0, 1, 1, 27)"
12,"[9, 7]","(1, 1, 1)","(0, 1, 1, 27)"
13,"[5, 10]","(0, 1, 1)","(0, 1, 1, 27)"
14,"[3, 9]","(2, 1, 1)","(0, 1, 1, 27)"
15,"[9, 6]","(2, 1, 1)","(0, 1, 1, 27)"
16,"[9, 2]","(1, 1, 1)","(1, 1, 0, 27)"
17,"[9, 1]","(1, 1, 1)","(1, 1, 0, 27)"
18,"[3, 8]","(2, 1, 1)","(0, 1, 1, 27)"
19,"[9, 4]","(1, 1, 1)","(1, 1, 1, 27)"
20,"[10, 2]","(2, 1, 1)","(1, 1, 0, 27)"
21,"[3, 10]","(0, 1, 1)","(0, 1, 1, 27)"
22,"[5, 8]","(2, 1, 1)","(0, 1, 1, 27)"
23,"[3, 11]","(2, 1, 1)","(1, 1, 1, 27)"
24,"[5, 2]","(1, 1, 1)","(1, 1, 0, 27)"
25,"[7, 8]","(1, 1, 1)","(1, 1, 0, 27)"
26,"[3, 12]","(1, 1, 1)","(0, 1, 1, 27)"
27,"[4, 12]","(1, 1, 1)","(0, 1, 1, 27)"
28,"[5, 6]","(1, 1, 1)","(1, 1, 0, 27)"
29,"[2, 11]","(1, 1, 1)","(0, 1, 1, 27)"
30,"[2, 9]","(2, 1, 1)","(0, 1, 1, 27)"
31,"[3, 2]","(2, 1, 1)","(0, 1, 1, 27)"
32,"[10, 0]","(2, 1, 1)","(0, 1, 1, 27)"
33,"[2, 4]","(1, 1, 1)","(0, 1, 1, 27)"
34,"[10, 6]","(2, 1, 1)","(0, 1, 1, 27)"
35,"[2, 3]","(0, 1, 0)","(0, 1, 1, 27)"
36,"[10, 7]","(2, 1, 1)","(0, 1, 1, 27)"
37,"[6, 7]","(0, 1, 1)","(1, 1, 1, 27)"
38,"[10, 1]","(1, 1, 1)","(1, 1, 1, 27)"
39,"[10, 4]","(1, 1, 1)","(1, 1, 1, 27)"
40,"[6, 8]","(2, 1, 1)","(1, 1, 1, 27)"
41,"[7, 4]","(1, 1, 1)","(0, 1, 1, 27)"
42,"[7, 5]","(2, 1, 1)","(1, 1, 1, 27)"
43,"[10, 3]","(1, 1, 1)","(0, 1, 1, 27)"
44,"[1, 3]","(2, 1, 1)","(0, 1, 1, 27)"
45,"[7, 2]","(1, 1, 1)","(1, 1, 0, 27)"
46,"[6, 3]","(2, 1, 1)","(0, 1, 1, 27)"
47,"[5, 7]","(2, 1, 1)","(0, 1, 1, 27)"
48,"[4, 3]","(1, 1, 1)","(0, 1, 1, 27)"
49,"[6, 1]","(0, 1, 0)","(0, 1, 1, 27)"
50,"[6, 2]","(1, 1, 1)","(0, 1, 1, 27)"
51,"[1, 4]","(2, 1, 1)","(0, 1, 1, 27)"
52,"[5, 5]","(1, 1, 1)","(1, 1, 0, 27)"
53,"[3, 5]","(1, 1, 1)","(1, 1, 0, 27)"
54,"[7, 9]","(1, 1, 1)","(0, 1, 1, 27)"
55,"[3, 6]","(1, 1, 1)","(1, 1, 1, 27)"
56,"[3, 7]","(1, 1, 1)","(1, 1, 1, 27)"
57,"[6, 4]","(2, 1, 1)","(1, 1, 1, 27)"
58,"[2, 10]","(2, 1, 1)","(1, 1, 1, 27)"
59,"[3, 4]","(0, 1, 0)","(1, 1, 1, 27)"
60,"[7, 6]","(2, 1, 0)","(0, 1, 1, 27)"
61,"[9, 8]","(0, 1, 1)","(1, 1, 0, 27)"
62,"[9, 3]","(2, 1, 1)","(1, 1, 1, 27)"
63,"[6, 6]","(0, 1, 1)","(1, 1, 0, 27)"
64,"[4, 9]","(1, 1, 1)","(0, 1, 1, 27)"
65,"[5, 3]","(2, 1, 1)","(1, 1, 1, 27)"
66,"[8, 3]","(0, 1, 1)","(1, 1, 1, 27)"
67,"[8, 9]","(0, 1, 1)","(1, 1, 0, 27)"
68,"[7, 0]","(2, 1, 1)","(0, 1, 1, 27)"
69,"[8, 7]","(1, 1, 1)","(0, 1, 1, 27)"
70,"[7, 7]","(1, 1, 1)","(0, 1, 1, 27)"
71,"[4, 6]","(1, 1, 1)","(1, 1, 1, 27)"
72,"[8, 8]","(1, 1, 1)","(1, 1, 0, 27)"
73,"[11, 3]","(1, 1, 1)","(0, 1, 1, 27)"
74,"[4, 10]","(0, 1, 1)","(1, 1, 1, 27)"
75,"[7, 3]","(1, 1, 1)","(0, 1, 1, 27)"
76,"[8, 2]","(1, 1, 1)","(0, 1, 1, 27)"
77,"[11, 5]","(2, 1, 1)","(0, 1, 1, 27)"
78,"[4, 4]","(2, 1, 1)","(1, 1, 0, 27)"
79,"[8, 1]","(1, 1, 1)","(1, 1, 1, 27)"
80,"[12, 3]","(2, 1, 1)","(0, 1, 1, 27)"
81,"[4, 8]","(1, 1, 1)","(1, 1, 1, 27)"
82,"[12, 4]","(2, 1, 1)","(0, 1, 1, 27)"
83,"[6, 0]","(2, 1, 1)","(1, 1, 1, 27)"
84,"[11, 2]","(1, 1, 1)","(1, 1, 1, 27)"
85,"[8, 4]","(2, 1, 1)","(0, 1, 1, 27)"
86,"[7, 1]","(1, 1, 1)","(0, 1, 1, 27)"
87,"[8, 6]","(2, 1, 1)","(0, 1, 1, 27)"
88,"[4, 7]","(2, 1, 1)","(1, 1, 1, 27)"
89,"[6, 9]","(1, 1, 1)","(0, 1, 1, 27)"
90,"[4, 11]","(0, 1, 1)","(0, 1, 1, 27)"
91,"[11, 7]","(1, 1, 1)","(0, 1, 1, 27)"
92,"[4, 5]","(1, 1, 1)","(1, 1, 0, 27)"
93,"[5, 1]","(1, 1, 1)","(0, 1, 1, 27)"
94,"[11, 6]","(0, 1, 1)","(0, 1, 1, 27)"
95,"[5, 4]","(1, 1, 1)","(0, 1, 1, 27)"
96,"[8, 5]","(2, 1, 1)","(0, 1, 1, 27)"
97,"[11, 4]","(1, 1, 1)","(0, 1, 1, 27)"
98,"[0, 3]","(2, 1, 1)","(0, 1, 1, 27)"
